result_file,provider,model,n_records,task_accuracy_is_correct,exact_match_rate,retrieval_top1_accuracy,retrieval_topk_recall,avg_f1,avg_semantic_similarity,avg_latency_seconds,total_tokens,total_cost,avg_cost_per_question
gemini_gemini-2.0-flash-lite_results,gemini,gemini-2.0-flash-lite,45,0.044444444444444446,0.0,0.9111111111111111,0.9777777777777777,0.23216167466693866,0.675191064675649,2.0376799422232175,82456,0.006614174999999998,0.00014698166666666664
gemini_gemini-2.0-flash_results,gemini,gemini-2.0-flash,45,0.044444444444444446,0.0,0.9111111111111111,0.9777777777777777,0.20648866401294477,0.6895695176389482,0.8938192577786848,83011,0.009040899999999998,0.00020090888888888884
gemini_gemini-2.5-flash_results,gemini,gemini-2.5-flash,45,0.06666666666666667,0.0,0.9111111111111111,0.9777777777777777,0.2377641856240192,0.7095866070853339,2.160995762222188,83221,0.03013189999999999,0.0006695977777777776
gemini_gemini-2.5-pro_results,gemini,gemini-2.5-pro,45,0.044444444444444446,0.0,0.9111111111111111,0.9777777777777777,0.22157596376665037,0.6604723062780168,7.239289835555569,83471,0.12707125,0.0028238055555555555
openai_gpt-4.1-nano_results,openai,gpt-4.1-nano,45,0.044444444444444446,0.0,0.9333333333333333,1.0,0.2558634999749908,0.5631839901208877,1.0598372444444168,72961,0.0078697,0.00017488222222222224
openai_gpt-4o-mini_results,openai,gpt-4o-mini,45,0.044444444444444446,0.0,0.9333333333333333,1.0,0.24537927734853227,0.5816849243309763,1.90633799555536,73319,1.2019349999999999e-05,2.6709666666666663e-07
openai_gpt-5-mini_results,openai,gpt-5-mini,45,0.022222222222222223,0.0,0.9333333333333333,1.0,0.27201248744212353,0.6099196235338847,5.163343526666399,82793,0.041328999999999984,0.0009184222222222219
openai_gpt-5-nano_results,openai,gpt-5-nano,45,0.022222222222222223,0.0,0.9333333333333333,1.0,0.2814379064932679,0.6121333359016312,5.842544171111028,95616,0.013395000000000004,0.0002976666666666668
openai_gpt-5_results,openai,gpt-5,45,0.06666666666666667,0.0,0.9333333333333333,1.0,0.3106493124365001,0.6473306844631831,8.750129357777647,88763,0.266345,0.005918777777777778
